NOME FERMATA,COMUNE
Madonna Marina Cimitero,Chioggia
Sottomarina Da Verrazzano,Chioggia
Sottomarina Calliope,Chioggia
DISTR.METANO,Chioggia
DISTR.GASOLIO,Chioggia
Chioggia Zarlino,Chioggia
Lungomare Adriatico,Chioggia
Ridotto Madonna,Chioggia
Chioggia Venturini,Chioggia
Chioggia Venturini,Chioggia
Valli Porcellana,Chioggia
Valli Porcellana,Chioggia
Chioggia Valli,Chioggia
Chioggia Valli,Chioggia
Chioggia Campo Marconi,Chioggia
Ca' Bianca campi Sportivi,Chioggia
Ca Bianca Amolara,Chioggia
Ca Bianca Amolara,Chioggia
Ca Bianca Civico 139,Chioggia
Rebosola Civico 139,Chioggia
Ca' Bianca Provinciale 7,Chioggia
Ca' Bianca Provinciale 7,Chioggia
Ca' Bianca Ponte,Chioggia
Ca' Bianca Ponte,Chioggia
Ca' Bianca Civico 17,Chioggia
Ca' Bianca Civico 17,Chioggia
Rebosola Ca' Amelia,Chioggia
Rebosola Ca' Amelia,Chioggia
Rebosola Idrovora,Chioggia
Rebosola Idrovora,Chioggia
Ca' Pasqua Provinciale 7,Chioggia
Ca' Pasqua Provinciale 7,Chioggia
Chioggia  Civico 12,Chioggia
Chioggia Civico 12,Chioggia
Romea del Bosco,Chioggia
Romea del Bosco,Chioggia
Romea Cimitero,Chioggia
Romea Cimitero,Chioggia
Romea Pegorina,Chioggia
Romea Pegorina,Chioggia
Romea Canal di Valle,Chioggia
Romea Canal diValle,Chioggia
Romea Marinetta,Chioggia
Romea Marinetta,Chioggia
Romea Primavera,Chioggia
Romea Primavera,Chioggia
Romea Sant' Anna,Chioggia
Romea Sant' Anna,Chioggia
Romea Fisola,Chioggia
Romea Fisola,Chioggia
Romea Ca' Lino,Chioggia
Romea Ca' Lino,Chioggia
Romea Sant'Anna,Chioggia
Romea Sant'Anna,Chioggia
Romea Vecchia Romea,Chioggia
Vecchia Romea,Chioggia
Romea Civico 6,Chioggia
Lungo Brenta Civico 6,Chioggia
Chioggia San Giuseppe,Chioggia
Lungo Brenta San Giuseppe,Chioggia
Chioggia Brenta,Chioggia
San Giuseppe Lungo Brenta,Chioggia
Chioggia Civico 78,Chioggia
Chioggia Civico 78,Chioggia
Chioggia Civico 64,Chioggia
Chioggia Civico 64,Chioggia
Ca' Lino 1 Maggio,Chioggia
San Giuseppe 1 Maggio,Chioggia
Chioggia Ca' Lino,Chioggia
San  Giuseppe Ca' Lino,Chioggia
Ca' Lino Colmello,Chioggia
Nazioni Unite Colmello,Chioggia
Isola Verde Isamar,Chioggia
Isola Verde Isamar,Chioggia
Isola Verde Civico 22,Chioggia
Isola Verde Civico 22,Chioggia
Isola Verde Civico 7,Chioggia
Isola Verde Civico 7,Chioggia
Isola Verde,Chioggia
Rebosola 21,Chioggia
Rebosola 21,Chioggia
Rebosola Darsena,Chioggia
Brondolo Darsena,Chioggia
Brondolo Ponte,Chioggia
Brondolo Ponte,Chioggia
Chioggia Ponte Trezze,Chioggia
Chioggia Ponte Trezze,Chioggia
Chioggia della Larga,Chioggia
Chioggia della Larga,Chioggia
Chioggia Borgo San Giovan,Chioggia
Brondolo Ortofrutticolo,Chioggia
Sottomarina,Chioggia
Chioggia San Domenico,Chioggia
Chioggia San Domenico,Chioggia
Isola Unione Parcheggio,Chioggia
Isola Unione Parcheggio,Chioggia
Isola Unione,Chioggia
Isola Unione UNIONE E,Chioggia
Isola Unione,Chioggia
Isola Unione,Chioggia
Sottomarina Piemonte,Chioggia
Sottomarina Brerscia,Chioggia
Sottomarina Brescia,Chioggia
Sottomarina San Marco,Chioggia
Sottomarina Bergamo,Chioggia
Sottomarina Isonzo,Chioggia
Sottomarina Piemonte,Chioggia
Sottomarina Altair,Chioggia
Sottomarina Pisani,Chioggia
Sottomarina Pigafetta,Chioggia
Sottomarina Vega,Chioggia
Sottomarina Pisani,Chioggia
Sottomarina Tirreno,Chioggia
Sottomarina Boschetto,Chioggia
Sottomarina Pisani,Chioggia
Sottomarina Vespucci,Chioggia
Sottomarina Da Verrazzano,Chioggia
Sottomarina Zeno,Chioggia
Sottomarina Schiavo,Chioggia
Sottomarina Celsi,Chioggia
Sottomarina Celsi,Chioggia
Sottomarina Schiavo,Chioggia
Sottomarina Zeno,Chioggia
Sottomarina Da Verazzano,Chioggia
Sottomarina Ospedale,Chioggia
Sottomarina Ospedale,Chioggia
Sottomarina Laguna,Chioggia
Sottomarina Laguna,Chioggia
Sottomarina Cimitero,Chioggia
Romea Fossetta,Chioggia
Romea Fossetta,Chioggia
Chioggia  DeGasperi,Chioggia
Chioggia Nenni,Chioggia
Chioggia DeNicola,Chioggia
Chioggia Berlinguer,Chioggia
Chioggia FS,Chioggia
Chioggia Stadio,Chioggia
Chioggia  Campo Marconi,Chioggia
Chioggia San Giacomo,Chioggia
Chioggia San Giacomo,Chioggia
Chioggia FS,Chioggia
Chioggia Berlinguer,Chioggia
Chioggia De Nicola,Chioggia
Chioggia  Nenni,Chioggia
Chioggia Longo,Chioggia
Chioggia Cicogna,Chioggia
Romea Civico 180,Chioggia
Romea Dandolo,Chioggia
BrondoloDolfin,Chioggia
Brondolo,Chioggia
Brondolo,Chioggia
Brondolo Dolfin,Chioggia
Romea Dandolo,Chioggia
Romeai Civico 180,Chioggia
Venturini Cicogna,Chioggia
Sottomarina Isonzo,Chioggia
Baldin Cavanella,Chioggia
Gorzone Ca' Pasqua,Chioggia
Romea Centro Commerciale,Chioggia
Sottomarina Milano,Chioggia
Sottomarina Milano,Chioggia
Sottomarina Centro Anzian,Chioggia
Sottomarina Tirreno,Chioggia
Sottomarina Ionio,Chioggia
Sottomarina Pisani,Chioggia
Sottomarina Pegaso,Chioggia
Sottomarina Vega,Chioggia
Brondolo,Chioggia
Brondolo Foscarini,Chioggia
Brondolo Foscarini,Chioggia
Brondolo,Chioggia
Chioggia Vigo,Chioggia
Chioggia Campo Marconi,Chioggia
Sottomarina Zeno,Chioggia
Sottomarina Scuole,Chioggia
Corso del Popolo Municipi,Chioggia
Borgo San Giovanni,Chioggia
Granatieri di Sardegna De,Chioggia
Stra Fossolovara,Stra
San Marco Raffaello,Campagna Lupia
Olmo Vittorio Veneto,Martellago
Maerne Mulino,Martellago
Martellago Delle Motte,Martellago
Martellago Pree,Martellago
Martellago Fornace,Martellago
Mogliano Marocchesa,Mogliano Veneto
Mogliano Marignana,Mogliano Veneto
Mogliano Rimini,Mogliano Veneto
Mogliano Ronzinella,Mogliano Veneto
Gaggio Vivaldi,Marcon
San Liberale Nievo,Marcon
Marcon Stadio,Marcon
Marcon Perosi,Marcon
Mazzocco,Mogliano Veneto
Marcon Sport,Marcon
Marcon Cultura,Marcon
Marcon Oberdan,Marcon
Marcon Cooperazione,Marcon
Marcon Marmolada,Marcon
Marcon Municipio,Marcon
Marcon Raffaello,Marcon
Marcon Lomabardi,Marcon
Marcon Centro Commerciale,Marcon
San Liberale,Marcon
Gaggio Cimitero,Marcon
Gaggio,Marcon
Gaggio Fermi,Marcon
Marcon della Stazione,Marcon
Campagna Lupia Raffaello,Campagna Lupia
Stazione Padova,Padova
Padova Fiera,Padova
Padova Fiera,Padova
Crea,Spinea
Fornase Perugia,Spinea
Matteotti Cimitero,Spinea
Matteotti Palermo,Spinea
Matteotti Sarpi,Spinea
Spinea,Spinea
Spinea Piazza Marconi,Spinea
Spinea Centro,Spinea
Spinea Sanremo,Spinea
Spinea Orgnano,Spinea
Liberta' Costituzione,Spinea
Spinea Desenzano,Spinea
Spinea Villaggio Fiori,Spinea
Spinea Giorgione,Spinea
Olmo Giovanni XXIII,Martellago
Olmo Minzoni,Martellago
Olmo Papa Luciani,Martellago
Olmo Calvi,Martellago
Maerne Cimitero,Martellago
Maerne Tasso,Martellago
Maerne Chiesa,Martellago
Maerne Isonzo,Martellago
Spinea Rossignago,Spinea
Martellago,Martellago
Preganziol FS,Preganziol
Martellago Trento,Martellago
Martellago Verdi,Martellago
Martellago Vittoria,Martellago
Marcon Filzi,Marcon
Fornase Prati,Spinea
Fornase Prati,Spinea
Fornase,Spinea
Fornase Fornase,Spinea
Noale Dei Novale,Noale
Cavarzere,Cavarzere
Noale Moro,Noale
Noale Moro,Noale
Noale Ospedale,Noale
Noale Ospedale,Noale
Dolo Scuole,Dolo
Padova Ospedale,Padova
Padova Ospedale,Padova
Padova Gozzi,Padova
Padova Gozzi,Padova
Dolo Bandiera,Dolo
Dolo Bandiera,Dolo
Trieste Stazione FS,Cavarzere
Trieste Stazione FS,Cavarzere
Mira Ponte delle Porte,Mira
Mira Ponte delle Porte,Mira
Salzano Oddo Stocco,Salzano
Perarolo Danzica,Vigonza
Mirano Paganini,Mirano
Mirano Scuola Mazzini,Mirano
Mirano Mariutto,Mirano
San Liberale Morante,Marcon
San Liberale Morante,Marcon
Mira Marinai d'Italia,Mira
Mira Marinai d'Italia,Mira
Spinea San Remo,Spinea
Murano Distretto Sanitari,Spinea
Dolo Ca' Tron,Dolo
Dolo Ca' Tron,Dolo
Mirano Sport,Mirano
Salzano FS,Salzano
Salzano FS,Salzano
Preganziol Fratelli Cervi,Preganziol
Preganziol Fratelli Cervi,Preganziol
Preganziol Albrizzi,Preganziol
Preganziol Albrizzi,Preganziol
Treviso Pindemonte,Treviso
Treviso Pindemonte,Treviso
Treviso Loredan,Treviso
Treviso Loredan,Treviso
Treviso FS,Treviso
Treviso FS,Treviso
Preganziol Gabbin,Preganziol
Preganziol  Bandiera,Preganziol
Preganziol Bandiera,Preganziol
Mogliano Zermanesa,Mogliano Veneto
Noale De Pol,Noale
Meucci Alto Adige,Campolongo Maggiore
Meucci Alto Adige,Campolongo Maggiore
Scorze' Scandolara,Scorzè
Dolo Scuole,Dolo
Dolo scuole,Dolo
Marcon Vittoria,Marcon
Marcon Vittoria,Marcon
Stigliano,Santa Maria di Sala
Stigliano,Santa Maria di Sala
Marcon Repubblica,Marcon
Marcon Repubblica,Marcon
Olmo Vittorio Veneto,Martellago
Maerne Mulino,Martellago
Martellago Delle Motte,Martellago
Martellago Pree,Martellago
Martellago Fornace,Martellago
Gaggio Vivaldi,Marcon
San Liberale Nievo,Marcon
Marcon Stadio,Marcon
Marcon Perosi,Marcon
Mogliano Liceo,Mogliano Veneto
Mazzocco,Mogliano Veneto
Marcon Sport,Marcon
Marcon  Cultura,Marcon
Marcon Oberdan,Marcon
Marcon Marmolada,Marcon
Marcon Municipio,Marcon
Marcon Raffaello,Marcon
Marcon Altinia,Marcon
Gaggio Cimitero,Marcon
Gaggio,Marcon
Gaggio Fermi,Marcon
Marcon Centro Commerciale,Marcon
Marcon della Stazione,Marcon
Fornase Perugia,Spinea
Matteotti Cimitero,Spinea
Le Crete,Quarto d'Altino
Le Crete Canale,Marcon
Le Crete Canale,Marcon
Spinea Alfieri,Spinea
Spinea Sanremo,Spinea
Spinea Orgnano,Spinea
Liberta' Costituzione,Spinea
Spinea Desenzano,Spinea
Le Crete,Quarto d'Altino
Spinea Pozzuoli,Spinea
Spinea Villaggio Fiori,Spinea
Spinea Giorgione,Spinea
Spinea Pozzuoli,Spinea
Olmo Giovanni XXIII,Martellago
Olmo Minzoni,Martellago
Olmo Papa Luciani,Martellago
Olmo Calvi,Martellago
Maerne Cimitero,Martellago
Maerne Tasso,Martellago
Maerne Chiesa,Martellago
Maerne Isonzo,Martellago
Spinea Rossignago,Spinea
Corezzola Sasso,Correzzola
Martellago Grimani,Martellago
MartellagoTrento,Martellago
Martellago Verdi,Martellago
Martellago Vittoria,Martellago
Stazione Marcon SFMR,Marcon
Stazione Marcon SFMR,Marcon
Marcon Mattei,Marcon
Marcon Mattei,Marcon
San Liberale Praello,Marcon
San Liberale Praello,Marcon
Marcon Filzi,Marcon
Treviso San Lazzaro,Treviso
Treviso San Lazzaro,Treviso
Treviso San Zeno,Treviso
Treviso San Zeno,Treviso
Oriago Ferrovia,Mira
Mira Egeo,Mira
Mira Egeo,Mira
Galta Argine sinistro,Vigonovo
Galta Argine Sinistro,Vigonovo
Camponogara  47,Camponogara
Camponogara  47,Camponogara
Passetto Campelli,Adria
Adria Sabbioni,Adria
Adria Bindola,Adria
Adria Sabbioni,Adria
Adria Campelli,Adria
Adria Bindola,Adria
Grignella Strada Poli,Cavarzere
Cavarzere 60,Cavarzere
Cavarzere Cuora,Cavarzere
Cavarzere Grignella,Cavarzere
Cavarzere Passetto,Cavarzere
Cavarzere Passetto,Cavarzere
Cavarzere Botta,Cavarzere
Cavarzere Botta,Cavarzere
Cavarzere Ca' Labia,Cavarzere
Cavarzere Ca' Labia,Cavarzere
Cavarzere Margherita,Cavarzere
Cavarzere Margherita,Cavarzere
Localita' Lezze,Pettorazza Grimani
Localita' Lezze,Pettorazza Grimani
Ballo' Centro,Mirano
Ballo' Centro,Mirano
Localita' Bosconfondi,Pettorazza Grimani
Localita' Bosconfondi,Pettorazza Grimani
Botti Barbarighe,Pettorazza Grimani
Localita' Giaron,Pettorazza Grimani
Localita' Giaron,Pettorazza Grimani
Pettorazza San Girolamo,Pettorazza Grimani
Pettorazza Santuario,Pettorazza Grimani
Pettorazza,Pettorazza Grimani
Pettorazza,Pettorazza Grimani
Monte Grappa Ponte,Cavarzere
Monte Grappa Ponte,Cavarzere
Monte Grappa Piovese,Cavarzere
Monte Grappa Piovese,Cavarzere
Cavarzere Pontenovo,Cavarzere
Cavarzere Trieste,Cavarzere
Villaggio Busonera,Cavarzere
Cavarzere Boscochiaro,Cavarzere
Cavarzere Sant' Antonio,Cavarzere
Monte Grappa Canale,Cavarzere
Cavarzere Ca' Venier,Cavarzere
Caverzere  Ca' Venier,Cavarzere
Cavarzere  Coette Alte,Cavarzere
Cavarzere Coette Alte,Cavarzere
Cavarzere Piovese,Cavarzere
Coette Alte Piovese,Cavarzere
Coette Alte Marcanta,Cavarzere
Marcanta Coette Alte,Cavarzere
Marcanta 34,Cavarzere
Coette Alte Civico 34,Cavarzere
Rottanova Dolomiti,Cavarzere
Rottanova Dolomiti,Cavarzere
Rottanova Maddalena,Cavarzere
Rottanova Coette Basse,Cavarzere
Rottanova Coette Basse,Cavarzere
Rottanova Canale,Cavarzere
Rottanova Canale,Cavarzere
Conetta Rottanova,Cona
Rottanova Conetta,Cona
Tripoli Cona,Cona
Cona,Cona
Pegolotte Piera,Cona
Pegolotte Piera,Cona
Correzzola Cantarana,Correzzola
Correzzola Cantarana,Correzzola
Monsole Venezia,Cona
Monsole Venezia,Cona
Treponti Lovo,Correzzola
Treponti Lovo,Correzzola
Brenta d'Abba',Correzzola
Brenta d'Abba',Correzzola
Santa Margherita,Codevigo
Santa Margherita,Codevigo
Villa Del Bosco,Correzzola
Villa Del Bosco,Correzzola
Pegolotte,Cona
Pegolotte Piazza De Lotto,Cona
Pontelongo Garibaldi,Pontelongo
Pontelongo Garibaldi,Pontelongo
Pontelongo,Pontelongo
Pontelongo Stazione,Pontelongo
Arzerello,Piove di Sacco
Arzerello,Piove di Sacco
Arzarello regionale 516,Piove di Sacco
Arzergrande,Arzergrande
Arzergrande Roma,Arzergrande
Arzergrande Vallonga,Arzergrande
Codevigo,Codevigo
Rosara,Codevigo
Rosara Longo,Piove di Sacco
Piove di Sacco Fiumazzo,Piove di Sacco
Corte,Piove di Sacco
Corte,Piove di Sacco
Piove di Sacco Ramei,Piove di Sacco
Piove di Sacco,Piove di Sacco
Piove di Sacco Scuole,Piove di Sacco
Piove di Sacco Scuole,Piove di Sacco
Piove di Sacco Ospedale,Piove di Sacco
Rusteghello,Piove di Sacco
Piove di Sacco Rusteghell,Piove di Sacco
Piove di Sacco Ospedale,Piove di Sacco
Piove di Sacco,Piove di Sacco
Rosara Longo,Piove di Sacco
Piove di Sacco Fiumazzo,Piove di Sacco
Piove di Sacco Ramei,Piove di Sacco
Piove di Sacco Rotonda,Piove di Sacco
Piove di Sacco Rotonda,Piove di Sacco
Alto Adige Piera,Campolongo Maggiore
Alto Adige Piera,Campolongo Maggiore
Campolongo Alto Adige,Campolongo Maggiore
Campolongo Alto Adige,Campolongo Maggiore
Campolongo 8 Marzo,Campolongo Maggiore
Campolongo 8 Marzo,Campolongo Maggiore
Zara Giarre,Campolongo Maggiore
Zara Chiesetta,Piove di Sacco
Sampieri,Piove di Sacco
Sampieri,Piove di Sacco
Bojon,Campolongo Maggiore
Bojon,Campolongo Maggiore
Bojon,Campolongo Maggiore
Bojon,Campolongo Maggiore
Bojon Rivelli,Campolongo Maggiore
Bojon Rivelli,Campolongo Maggiore
Campolongo,Campolongo Maggiore
Campolongo,Campolongo Maggiore
Campolongo Pordoi,Campolongo Maggiore
Campolongo Pordoi,Campolongo Maggiore
Campolongo Piovega,Campolongo Maggiore
Campolongo Piovega,Campolongo Maggiore
Campolongo Liettoli,Campolongo Maggiore
Liettoli Trentino,Campolongo Maggiore
Sandon Chiusa,Campolongo Maggiore
Sandon Chiusa,Campolongo Maggiore
Sandon Toscana,Campolongo Maggiore
Sandon Toscana,Campolongo Maggiore
Sandon,Fossò
Sandon,Fossò
Fosso' Callesette,Fossò
Foso' Sud Callesette,Fossò
Fosso' Provinciale 17,Fossò
Fosso',Fossò
Fosso' Roncaglia,Fossò
Fosso' Roncaglia,Fossò
Fosso' Centro,Fossò
Fosso',Fossò
Fosso' Redipuglia,Fossò
Fosso' Redipuglia,Fossò
Galta Trieste,Vigonovo
Galta Trieste,Vigonovo
Galta Battisti,Vigonovo
Galta Centro,Vigonovo
Vigonovo De Gasperi,Vigonovo
Vigonovo Moro,Vigonovo
Roma Villamora,Vigonovo
Vigonovo Villamora,Vigonovo
Vigonza Bachelet,Vigonza
Vigonza Bachelet,Vigonza
Vigonza Santa Chiara,Vigonza
Vigonza Santa Chiara,Vigonza
Bojon Corsivola,Campolongo Maggiore
Bojon Corsivola,Campolongo Maggiore
Bojon,Campolongo Maggiore
Bojon,Campolongo Maggiore
Campolongo Sopracornio,Campolongo Maggiore
Campolongo Sopracornio,Campolongo Maggiore
Cornio,Campolongo Maggiore
Cornio,Camponogara
Bojon FS,Campolongo Maggiore
Bojon FS,Campolongo Maggiore
Campagna Lupia Lazzaretto,Campolongo Maggiore
Campagna Lupia Lazzaretto,Campolongo Maggiore
Campagna Lupia,Campagna Lupia
Campagna Lupia,Campagna Lupia
Premaore,Camponogara
Premaore,Camponogara
Camponogara Alighieri,Camponogara
Camponogara Alighieri,Camponogara
Prozzolo,Camponogara
Prozzolo,Camponogara
Prozzolo Chiesa,Camponogara
Prozzolo Chiesa,Camponogara
Camponogara Pascoli,Camponogara
Camponogara Pascoli,Camponogara
Camponogara Matteotti,Camponogara
Camponogara Matteotti,Camponogara
Camponogara IV Novembre,Camponogara
Camponogara IV Novembre,Camponogara
Camponogara Matteotti,Camponogara
Camponogara Matteotti,Camponogara
Camponogara Arzerini,Camponogara
Camponogara Arzerini,Camponogara
Camponogara Premaore,Camponogara
Camponogara Premaore,Camponogara
Fosso' Verdi,Fossò
Fosso' Verdi,Fossò
Camponogara Diedo,Camponogara
Camponogara Diedo,Camponogara
Calcroci Cavour,Camponogara
Calcroci Cavour,Camponogara
Calcroci Chiesa,Camponogara
Calcroci Volta,Camponogara
Camponogara Volta,Camponogara
Camponogara Volta,Camponogara
Lughetto Marzabotto,Campagna Lupia
Lughetto Marzabotto,Campagna Lupia
Marghera Romea,Campagna Lupia
Marghera Romea,Campagna Lupia
Camponogara Casino Rosso,Camponogara
Camponogara Casino Rosso,Camponogara
Dolo Marinelle,Dolo
Sambruson Marinelle,Dolo
Sambruson,Dolo
Sambruson,Dolo
Sanbruson Marco Polo,Dolo
Sanbruson Marco Polo,Dolo
Dolo Carrezzioi,Dolo
Sanbruson Carrezzioi,Dolo
Sanbruson Ferrovia,Dolo
Dolo Ferrovia,Dolo
Mira Montessori,Mira
Mira Montessori,Mira
Mira Campi,Mira
Mira Campi,Mira
Mira Piazza Vecchia,Mira
Mira Piazza Vecchia,Mira
Mira Bellini,Mira
Gambarare Bellini,Mira
Gambarare,Mira
Chiesa Gambarare,Mira
Mira Matteotti,Mira
Mira Municipio,Mira
Mira centro,Mira
Mira Alfieri,Mira
Mira Alighieri,Mira
Mira Alighieri,Mira
Mira Porte,Mira
Mira Porte,Mira
Mira Riscossa,Mira
Mira Albrizzi,Mira
Dolo Civico 75,Dolo
Dolo Manzoni,Dolo
Dolo Manzoni,Dolo
Dolo Monache,Dolo
Dolo Monache,Dolo
Dolo Doria,Dolo
Dolo Doria,Dolo
Dolo Guardiana,Dolo
Dolo Guardiana,Dolo
Dolo Alture,Dolo
Dolo Alture,Dolo
Camponogara Artigiani,Camponogara
Camponogara Artigiani,Camponogara
Campoverardo,Camponogara
Campoverardo,Camponogara
Campoverardo Centro,Camponogara
Campoverardo Centro,Camponogara
Campoverardo Civico 57,Camponogara
Campoverardo civico 57,Camponogara
Fosso' Favalli,Fossò
Fosso' Favalli,Fossò
Paluello Veneto,Stra
Paluello Veneto,Stra
Paluello,Stra
Paluello,Stra
Fiesso Padana,Fiesso d'Artico
Fiesso d'Artico Padana,Fiesso d'Artico
Fiesso Gemito,Fiesso d'Artico
Fiesso Gemito,Fiesso d'Artico
Dolo Centro,Dolo
Dolo Centro,Dolo
Fiesso D'Artico Bandiera,Fiesso d'Artico
Fiesso D'Artico Bandiera,Fiesso d'Artico
Fiesso D'Artico Centro,Fiesso d'Artico
Fiesso D'Artico Centro,Fiesso d'Artico
Fiesso D'Artico Pioghella,Fiesso d'Artico
Fiesso Pioghella,Fiesso d'Artico
Stra' Bassa,Stra
Stra' Bassa,Stra
San Pietro Minzoni,Stra
San Pietro Minzoni,Stra
San Pietro Isonzo,Stra
San Pietro Isonzo,Stra
Stra' San Pietro,Stra
Stra' San Pietro,Stra
Stra Crispino,Stra
Stra Loredan,Stra
Stra Piazza Marconi,Stra
Stra Piazza Marconi,Stra
Stra Dante,Stra
Stra Dante,Stra
Capriccio Centro,Vigonza
Capriccio Centro,Vigonza
Perarolo Quartiere Pavan,Vigonza
Perarolo Quartiere Pavan,Vigonza
Vigonza Perarolo,Vigonza
Vigonza Perarolo,Vigonza
Busa di Vigonza Centro,Vigonza
Busa di Vigonza Centro,Vigonza
Ponte di Brenta Centro,Padova
Ponte di Brenta Centro,Padova
Ponte di Brenta Lago,Padova
Ponte di Brenta Lago,Padova
Padova Est,Padova
Padova Est,Padova
Padova San Lazzaro,Padova
Padova San Lazzaro,Padova
Padova Turazza,Padova
Cazzago Pascoli,Pianiga
Cazzago Pascoli,Pianiga
Dolo Municipio,Dolo
Dolo Municipio,Dolo
Cazzago,Pianiga
Cazzago,Pianiga
Martellago Centro Anziani,Martellago
Cazzago,Pianiga
Scorze' Ortigara,Scorzè
Scorze' Ortigara,Scorzè
Cazzaghetto Industriale,Dolo
Cazzaghetto Industriale,Dolo
Cazzaghetto Parolini,Dolo
Cazzaghetto Parolini,Dolo
Cazzaghetto Arino,Dolo
Cazzaghetto Arino,Dolo
Pianiga Accoppe',Pianiga
Pianiga Accoppe',Pianiga
Pianiga Bosco,Pianiga
Pianiga Bosco,Pianiga
Pianiga,Pianiga
Pianiga Roma,Pianiga
Pianiga Roma,Pianiga
Pianiga Roma,Pianiga
Rivale Bosco,Pianiga
Pianiga Bosco,Pianiga
Rivale Chiesa,Pianiga
Rivale Chiesa,Pianiga
Mellaredo Cavinello,Pianiga
Pianiga Fratte,Pianiga
Pianiga Fratte,Mirano
Bernini Di Vittorio,Mira
Borromini Bernini,Mira
Maiano Alberti,Mira
Ballo' Stazione,Mirano
Ballo' Stazione,Mirano
Ballo' Cimitero,Mirano
Ballo' Cimitero,Mirano
Ballo' Mazzini,Mirano
Ballo' Mazzini,Mirano
Ballo' FS,Mirano
Ballo' FS,Mirano
Cazzago Trasimeno,Pianiga
Cazzago Trasimeno,Pianiga
Mira Ginestre,Mira
Miranese Ginestre,Mira
Mira Argine,Mira
Mira Argine,Mira
SFMR Spinea,Spinea
Mazzocco,Mogliano Veneto
Marano,Mira
Marano,Mira
Marano Caltana,Mira
Marano Caltana,Mira
Mirano Trescievoli,Mirano
MIrano Trescievoli,Mirano
Mirano Olmo,Mirano
MIrano Olmo,Mirano
MiranoTaglio Sinistro,Mirano
MiranoTaglio Sinistro,Mirano
Mirano Matteotti,Mirano
Mira Nazionale,Mira
Mirai Nazionale,Mira
Porara Gidoni,Mirano
Porara Gidoni,Mirano
Vigonza Sant' Andrea,Vigonza
Vigonza Sant'Andrea,Vigonza
Vetrego,Mirano
Scaltenigo Porara,Mirano
Scaltenigo Formigo,Mirano
Corte Piazza Monumento,Piove di Sacco
Scaltenigo Formigo,Mirano
Scaltenigo,Mirano
Scaltenigo,Mirano
Scaltenigo Caltana,Mirano
Scaltenigo Caltana,Mirano
Case Pugliero,Mirano
Case Pugliero,Mirano
Mirano Fratte,Mirano
Mirano Fratte,Mirano
Caltana via Chiesa,Mirano
Caltana via Chiesa,Mirano
Caltana Marinoni,Santa Maria di Sala
Salzano Lorenzetti,Salzano
Salzano Lorenzetti,Salzano
Oriago Sommo,Mira
Oriago Sommo,Mira
Mira Riscossa,Mira
Oriago Stazione,Mira
Oriago Romagna,Mira
Oriago Centro,Mira
Oriago Marche,Mira
Borbiago Friuli,Mira
Borbiago Friuli,Mira
Borbiago Sardegna,Mira
Borbiago Sardegna,Mira
Borbiago Milano,Mira
Borbiago Milano,Mira
Borbiago Centro,Mira
Borbiago,Mira
Borbiago Boldani,Mira
Borbiago Boldani,Mira
Mira San Monte,Mira
Mira San Monte,Mira
Caltana Sottopasso,Mira
Marano Sottopasso,Mira
Romea Giare,Mira
Romea Giare,Mira
Romea Bastie,Mira
Gambarare Bastie,Mira
Romea Ca' Balletto,Mira
Gambarare Ca' Balletto,Mira
Romea Malcanton,Mira
Romea Malcanton,Mira
San Pietro Chiesa,Cavarzere
San Pietro Civico 21,Cavarzere
San Pietro Pizzon,Cavarzere
San Pietro Gasdotto,Cavarzere
Argine Sinistro Civico 21,Cavarzere
Argine Sinistro Pizzon,Cavarzere
Argine Sinistro Gasdotto,Cavarzere
Cavarzere Boscochiaro,Cavarzere
Boscochiaro,Cavarzere
Cavarzere Sant' Antonio,Cavarzere
Cavarzere Grappa Canale,Cavarzere
Cavarzere Pontenovo,Cavarzere
Cavarzere Trieste,Cavarzere
Villaggio Busonera,Cavarzere
Stra Crispino,Stra
Stra Loredan,Stra
Santa Maria di Sala Grand,Santa Maria di Sala
Santa Maria di Sala Grand,Santa Maria di Sala
Caltana Pioga,Santa Maria di Sala
Caltana Pioga,Santa Maria di Sala
Caselle Madonna Mora,Santa Maria di Sala
Caselle Madonna Mora,Santa Maria di Sala
Santa Maria di Sala Casel,Santa Maria di Sala
Santa Maria di Sala Casel,Santa Maria di Sala
Santa Maria di SalaTabina,Santa Maria di Sala
Santa Maria di Sala Tabin,Santa Maria di Sala
Santa Maria di Sala Spall,Santa Maria di Sala
Santa Maria di Sala Spall,Santa Maria di Sala
Santa Maria di Sala,Santa Maria di Sala
Santa Maria di Sala,Santa Maria di Sala
Mirano localita' Botti,Mirano
Mirano Localita' Botti,Mirano
Mirano Bollati,Mirano
Mirano Bollati,Mirano
Mirano Varotara,Mirano
Mirano Varotara,Mirano
Mirano Caravaggio,Mirano
Mirano Caravaggio,Mirano
Mirano Modigliani,Mirano
Mirano Modigliani,Mirano
Santa Maria di Sala Luxor,Santa Maria di Sala
Santa Maria di Sala Luxor,Santa Maria di Sala
MIrano Grimani,Mirano
Mirano Grimani,Mirano
Mirano Perugino,Mirano
Mirano Battisti,Mirano
Mirano Battisti,Mirano
MIrano Gramsci,Mirano
MIrano Gramsci,Mirano
Mirano Pestrino,Mirano
Mirano Pestrino,Mirano
MIrano Centro,Mirano
Mirano Centro,Mirano
MIrano Dante,Mirano
Mirano Dante,Mirano
Mirano Cabotto,Mirano
Mirano Cabotto,Mirano
Ospedale Mirano,Mirano
Ospedale Mirano,Mirano
MIrano Treviso,Mirano
Mirano Carducci,Mirano
Mirano Carducci,Mirano
Mirano Mariutto,Mirano
Mirano  Minzoni,Mirano
Mirano  Minzoni,Mirano
Mirano  Civico 16,Mirano
Mirano  Civico 16,Mirano
Mirano Civico 97,Mirano
Mirano Civico 97,Mirano
Mirano Contarini,Mirano
Mirano Contarini,Mirano
Zianigo,Mirano
Zianigo,Mirano
Zianigo Desman,Mirano
Zianigo Desman,Mirano
Mirano localita' Fontana,Mirano
Mirano localita' Fontana,Mirano
Sant Angelo Noalese,Santa Maria di Sala
Sant Angelo Noalese,Santa Maria di Sala
Veternigo Pianiga,Santa Maria di Sala
Veternigo Pianiga,Santa Maria di Sala
Veternigo,Santa Maria di Sala
Veternigo,Santa Maria di Sala
Sant'Angelo Centro,Santa Maria di Sala
Sant'Angelo Centro,Santa Maria di Sala
Borgoricco,Borgoricco
Borgoricco,Borgoricco
Borgoricco Mussolini,Borgoricco
Borgorrico Sant Eufemia,Borgoricco
Sant Angelo Sole,Borgoricco
Sant Angelo Sole,Borgoricco
Mira Scuole,Mira
Dolo Presicci,Dolo
Dolo Presicci,Dolo
Camponogara Industria,Camponogara
Camponogara Industria,Camponogara
Fosso' Arzaroni,Fossò
Fosso' Arzaroni,Fossò
Ghebba Rubaldi,Mira
Ghebba Lusore,Mira
Ghebba Malpaga,Mira
Borgorrico Sant Eufemia,Borgoricco
Borgoricco Mussolini,Borgoricco
Mirano Fossa,Mirano
Mirano Fossa,Mirano
Spinea Repubblica,Spinea
Spinea Repubblica,Spinea
Spinea Zigarara,Spinea
Spinea Zigarara,Spinea
Spinea Luneo,Spinea
Spinea Luneo,Spinea
Maerne Centro,Martellago
Maerne Centro,Martellago
Mirano Boschette,Mirano
Mirano  Boschette,Mirano
MIrano Luneo,Mirano
Mirano Luneo,Mirano
Salzano Matteotti,Salzano
Salzano Matteotti,Salzano
Salzano De Gasperi,Salzano
Salzano De Gasperi,Salzano
Salzano Chiesa,Salzano
Salzano Chiesa,Salzano
Salzano Municipio,Salzano
Salzano Municipio,Salzano
Oraigo Adige,Mira
Oriago Venezia,Mira
Oriago Ferrovia,Mira
Mirano Cavin di Sala,Mirano
Oriago Marche,Mira
Scaltenigo,Mirano
Campocroce Cavin Caselle,Mirano
Campocroce Cavin Caselle,Mirano
Campocroce Cimitero,Mirano
Campocroce Cimitero,Mirano
Salzano Confalonieri,Salzano
Salzano Confalonieri,Salzano
Salzano Ponte Grasso,Salzano
Salzano Ponte Grasso,Salzano
Salzano Sogaretti,Salzano
Salzano Sogaretti,Salzano
Salzano Toscanino,Salzano
Salzano Toscanino,Salzano
Noale Lancerotto,Noale
Noale,Noale
Noale Ongari,Noale
Noale Ongari,Noale
Noale Bacchiglione,Noale
Noale Bacchiglione,Noale
Mestrina Spagnolo,Noale
Noale Spagnolo,Noale
Robegano Centro,Salzano
Robegano Centro,Salzano
Robegano Monte Grappa,Noale
Robegano Monte Grappa,Noale
Robegano Puccini,Salzano
Robegano Puccini,Salzano
Noale Zona Industriale,Noale
Noale Zona Industriale,Noale
Maerne Circonvallazione,Martellago
Maerne Circonvallazione,Martellago
Robegano 25 Aprile,Salzano
Robegano 25 Aprile,Salzano
Martellago Boschi,Martellago
Martellago Boschi,Martellago
Martellago Santo Stefano,Martellago
Martellago Santo Stefano,Martellago
Martellago Ca' Combi,Martellago
Martellago Ca' Combi,Martellago
Martellago Ca' Longo,Martellago
Martellago Ca' Longo,Martellago
Scorze' Romagna,Scorzè
Scorze' Romagna,Scorzè
Scorze' capolinea,Scorzè
Scorze' Ceccariolo,Scorzè
Scorze' Fermi,Scorzè
Scorze' Milano,Scorzè
Scorze' Milano,Scorzè
Scorze' Gagliardi,Scorzè
Scorze' Gagliardi,Scorzè
Trebaseleghe,Trebaseleghe
Trebaseleghe Pio X,Trebaseleghe
Trebaseleghe Pio X,Trebaseleghe
Campocroce Centro,Mirano
Campocroce Centro,Mirano
Mirano Borgo Zucchero,Mirano
Ballo' Borgo Zucchero,Mirano
Martellago Centro Anziani,Martellago
Gambarare Civico 94,Mira
Gambarare Civico 94,Mira
Trebaseleghe Manetti,Trebaseleghe
Trebaseleghe Manetti,Trebaseleghe
Scorze' San Benedetto,Scorzè
Scorze' San Benedetto,Scorzè
Rio San Martino,Scorzè
Cappella,Scorzè
Cappella,Scorzè
Scorze' Boschi,Scorzè
Scorze' Boschi,Scorzè
Scorze' Guido Rossa,Scorzè
Scorze' Guido Rossa,Scorzè
Martellago Guizza,Scorzè
Martellago Guizza,Scorzè
Peseggia  Canove,Scorzè
Peseggia  Canove,Scorzè
Peseggia,Scorzè
Peseggia,Scorzè
Gardigiano,Scorzè
Gardigiano,Scorzè
Peseggia  Vittorio Veneto,Scorzè
Peseggia  Vittorio Veneto,Scorzè
Peseggia Perosi,Scorzè
Peseggia  Perosi,Scorzè
Gardigiano Mattarella,Scorzè
Gardigiano Mattarella,Scorzè
Gardigiano Donato,Scorzè
Gardigiano Donato,Scorzè
Mogliano Ghetto,Mogliano Veneto
Mogliano Ghetto,Mogliano Veneto
Mogliano Don Bosco,Mogliano Veneto
Mogliano Centro,Mogliano Veneto
Mogliano Marconi,Mogliano Veneto
Mogliano Marconi,Mogliano Veneto
Campocroce,Preganziol
Campocroce,Preganziol
Perarolo Dalla Vecchia,Vigonza
Perarolo Dalla Vecchia,Vigonza
Campocroce Chiesa,Mogliano Veneto
Campocroce Chiesa,Mogliano Veneto
Mogliano Strazzariole,Mogliano Veneto
Mogliano Strazzariole,Mogliano Veneto
Mogliano  Busa,Mogliano Veneto
Mogliano Busa,Mogliano Veneto
Zero Branco Kennedy,Zero Branco
Zero Branco Primo Maggio,Zero Branco
Monte Grappa XXV Aprile,Salzano
Zero Branco Montiron,Zero Branco
Zero Branco Montiron,Zero Branco
Sant'Alberto,Zero Branco
Sant' Alberto,Zero Branco
Sant' Alberto Bellini,Zero Branco
Sant' Alberto Bellini,Zero Branco
Scandolara Pasteur,Zero Branco
Scandolara Pasteur,Zero Branco
Scandolara,Zero Branco
Scandolara,Zero Branco
Scandolara Onaro,Zero Branco
Scandolara Onaro,Zero Branco
Trebaseleghe,Trebaseleghe
Trebaseleghe,Trebaseleghe
Badoere,Morgano
Badoere D'Annunzio,Morgano
Badoere D'Annunzio,Morgano
Sambughe',Preganziol
Sambughe',Preganziol
Preganziol Gambino,Preganziol
Preganziol Municipio,Preganziol
Treviso Ghirada,Treviso
Treviso Selvatico,Treviso
Frescada,Preganziol
Dosson,Preganziol
SanTrovaso,Preganziol
Preganziol Baratta Nuova,Preganziol
Preganziol  Guizzetti,Preganziol
Le Grazie,Preganziol
ULSS,Preganziol
Treviso,Treviso
Perarolo Danzica,Vigonza
Treviso Ghirada,Treviso
Treviso Selvatico,Treviso
Frescada,Preganziol
Dosson,Preganziol
ULSS,Preganziol
San Trovaso,Preganziol
Le Grazie,Preganziol
Preganziol  Guizzetti,Preganziol
Preganziol  Baratta Nuova,Preganziol
Mogliano Don Bosco,Mogliano Veneto
Mogliano Municipio,Mogliano Veneto
Mogliano Cimitero,Mogliano Veneto
Mogliano Cimitero,Mogliano Veneto
Zermanesa Parini,Mogliano Veneto
Zermanesa Parini,Mogliano Veneto
Mogliano Scoutismo,Mogliano Veneto
Mogliano Scoutismo,Mogliano Veneto
Mogliano Cortellazzo,Mogliano Veneto
Mogliano Cortellazzo,Mogliano Veneto
Mogliano Torni,Mogliano Veneto
Zerman Chiesa,Mogliano Veneto
Mogliano Fermi,Mogliano Veneto
Mogliano Gris,Mogliano Veneto
Alta Milano,Marcon
Marcon Milano,Marcon
Marcon Genova,Marcon
Marcon Genova,Marcon
Marcon Ancona,Marcon
Marcon Ancona,Marcon
San Liberale Poianon,Marcon
San Liberale Poianon,Marcon
Quarto d'Altino FS,Quarto d'Altino
Quarto d'Altino FS,Quarto d'Altino
Quarto d'Altino Armstrong,Quarto d'Altino
Quarto d'Altino Armstrong,Quarto d'Altino
Quarto d'Altino Augusta,Quarto d'Altino
Quarto d'Altino,Quarto d'Altino
Quarto d'Altino,Quarto d'Altino
Quarto d'Altino Augusta,Quarto d'Altino
Quarto d'Altino Zanettin,Quarto d'Altino
Quarto d'Altino Zanettin,Quarto d'Altino
Quarto d'Altino zona indu,Quarto d'Altino
Quarto d'Altino Industrie,Quarto d'Altino
Casale sul Sile Matter,Casale sul Sile
Casale sul Sile Matter,Casale sul Sile
Casale Bivio Bonisiolo,Casale sul Sile
Casale sul Sile Bonisiolo,Casale sul Sile
Scorze' Municipio,Scorzè
Scorze' Municipio,Scorzè
Scorze' Crosarona,Scorzè
Scorze' Crosarona,Scorzè
Noale Crosariole,Noale
Noale Crosariole,Noale
Margherita Pioveghetta,Noale
Margherita Pioveghetta,Noale
Cappelletta Centro,Noale
Valsugana Bigolo,Noale
Moniego Centro,Noale
Moniego Centro,Noale
Moniego Treviso Vecchia,Noale
Noale Livenza,Noale
Noale Livenza,Noale
Salzano Scarlatti,Salzano
Volta Olmara,Scorzè
Localita' Malcanton,Mogliano Veneto
Fonda Scuola,Noale
Noale Dei Novale,Noale
Salzano Cimitero,Salzano
Salzano Cimitero,Salzano
Briana,Noale
Noale Valli,Noale
Sant Angelo Rivale,Santa Maria di Sala
Sant Angelo Rivale,Santa Maria di Sala
Caltana,Santa Maria di Sala
Caltana,Santa Maria di Sala
Santa Maria di Sala Garda,Santa Maria di Sala
Santa Maria di Sala Garda,Santa Maria di Sala
Santa Maria di Sala Torri,Santa Maria di Sala
Santa Maria di Sala Torri,Santa Maria di Sala
Mirano Galilei,Mirano
Mirano Galilei,Mirano
Romea Volto,Rosolina
Romea Volto,Rosolina
Rosolina,Rosolina
Mogliano San Michele,Mogliano Veneto
Mogliano Civico 83,Mogliano Veneto
Zerman Bonisiolo,Mogliano Veneto
Zerman Centro Sportivo,Mogliano Veneto
Casale sul Sile Chiesa,Casale sul Sile
San Liberale,Marcon
San Liberale,Marcon
Conetta Rottanova,Cona
Conetta Rottanova,Cona
Cona Lamarmora,Cona
Cona Lamarmora,Cona
Mogliano Marocchesa,Mogliano Veneto
Mogliano Marignana,Mogliano Veneto
Mogliano Rimini,Mogliano Veneto
Mogliano Ronzinella,Mogliano Veneto
Mogliano Zermanesa,Mogliano Veneto
Mogliano Ragazzi del 99,Mogliano Veneto
Mogliano Ragazzi del 99,Mogliano Veneto
Campocroce,Mogliano Veneto
Campocroce,Mogliano Veneto
Colmello,Mogliano Veneto
Colmello,Mogliano Veneto
Mirano Barbato,Mirano
Mirano Barbato,Mirano
Dolo Ospedale,Dolo
Dolo Ospedale,Dolo
Camponogara Centro,Camponogara
Camponogara,Camponogara
San Michele delle Badesse,Borgoricco
Localita' Malcanton,Mogliano Veneto
Zero Branco,Zero Branco
Zero Branco,Zero Branco
Fosso' Zona Industriale,Fossò
Fosso' Zona Industriale,Fossò
Fosso' Bosello,Fossò
Fosso' Bosello,Fossò
Rottanova Civico 18,Cavarzere
Stazione Pegolotte,Cona
Stazione Pegolotte,Cona
Corezzola,Correzzola
Corezzola,Correzzola
Cantarana Paese,Cona
Rosara,Codevigo
Rosara,Codevigo
Lova,Campagna Lupia
Lova,Campagna Lupia
Romea Canale Piccolo,Campagna Lupia
Romea Canale Piccolo,Campagna Lupia
Lugo,Campagna Lupia
Romea Lughetto,Campagna Lupia
Lugo,Campagna Lupia
Romea Lughetto,Campagna Lupia
Lugo Zona Industriale,Campagna Lupia
Lughetto Rampado,Campagna Lupia
Lughetto Rampado,Campagna Lupia
Lughetto,Campagna Lupia
Lughetto,Campagna Lupia
Lughetto Di Vittorio,Campagna Lupia
Lughetto Di Vittorio,Campagna Lupia
Adria Scuole,Adria
Adria Scuole,Adria
Cavarzere Capitello,Cavarzere
Cavarzere Acquamarza,Cavarzere
Cavarzere Punta Pali,Cavarzere
Cavarzere Ca' Briani,Cavarzere
Cavarzere Ca' Tron,Cavarzere
Cavarzere Tartaro,Cavarzere
Pettorazza Provinciale,Pettorazza Grimani
Pettorazza Provinciale,Pettorazza Grimani
Pettorazza Industriale,Pettorazza Grimani
Pettorazza Zona Industria,Pettorazza Grimani
Scaltenigo,Mirano
Corezzola Cantarana,Correzzola
Correzzola  Cantarana,Correzzola
Mellaredo Vivaldi,Pianiga
Mellaredo Vivaldi,Pianiga
Ferrovia Pionca,Dolo
Ferrovia Pionca,Dolo
Mogliano Terraglio,Mogliano Veneto
Mogliano Centro,Mogliano Veneto
Vetrego,Mirano
Vetrego Pra',Mirano
Vetrego Pra',Mirano
Mira Alfieri,Mira
Vetrego,Mirano
Monte Grappa XXV Aprile,Salzano
Salzano Roma,Salzano
Salzano Roma,Salzano
Cornarotta Scarlatti,Salzano
Scorze' Olmara,Scorzè
Martellago Friuli,Martellago
Martellago Friuli,Martellago
Mogliano Bellini,Mogliano Veneto
Mogliano Bellini,Mogliano Veneto
Mogliano Ragusa,Mogliano Veneto
Mogliano Ragusa,Mogliano Veneto
Mogliano dei Tulipani,Mogliano Veneto
Mogliano dei Tulipani,Mogliano Veneto
Maerne FS,Martellago
Mogliano Campi Sportivi,Mogliano Veneto
Mogliano Campi Sportivi,Mogliano Veneto
Santa Margherita,Codevigo
Santa Margherita,Codevigo
Codevigo Argine Sinistro,Codevigo
Codevigo Argine Sinistro,Codevigo
Codevigo Civico 13,Codevigo
Codevigo Civico 13,Codevigo
Conche,Codevigo
Conche,Codevigo
Cive' Paltana,Correzzola
Cive' Giovanni XXIII,Correzzola
Donato GiovanniXXIII,Correzzola
Cive' Mira,Correzzola
Cive' Mira,Correzzola
Rebosola Sista,Correzzola
Rebosola Sista,Correzzola
Rebosola Civico 343,Correzzola
Rebosola Civico 343,Correzzola
Rebosola Zennare,Correzzola
Rebosola Zennare,Correzzola
Rebosola Civico 167,Correzzola
Rebosola Civico 167,Correzzola
Valcerere Dolfina,Cavarzere
Valcerere Dolfina,Cavarzere
Cavarzere San Gaetano,Cavarzere
Cavarzere San Gaetano,Cavarzere
Dolfina Chilometro 9,Cavarzere
Dolfina Chilometro 9,Cavarzere
Dolfina Chiusa,Cavarzere
Dolfina Chiusa,Cavarzere
Boscochiaro Braghetta,Cavarzere
Boscochiaro Braghetta,Cavarzere
Dolfina,Cavarzere
Dolfina,Cavarzere
Cavarzere Strada Km 13,Cavarzere
Cavarzere Strada Km 13,Cavarzere
Cavarzere 13,Cavarzere
Cavarzere 13,Cavarzere
Cavarzere 244,Cavarzere
Cavarzere 244,Cavarzere
San Pietro,Cavarzere
San Pietro,Cavarzere
Dolo Seriola,Dolo
Dolo Seriola,Dolo
Mira Stazione FS,Mira
Pettorazza San Girolamo,Pettorazza Grimani
Noale Valli,Noale
Fonda Scuola,Noale
Valsugana Bigolo,Noale
Cappelletta Centro,Noale
Moniego Treviso Vecchia,Noale
Scorze' Venezia,Scorzè
Scorze' Venezia,Scorzè
Rio San Martino,Scorzè
Rio San Martino,Scorzè
Tabina,Santa Maria di Sala
Tabina,Scorzè
Scorze' Buonarroti,Scorzè
Scorze' Buonarroti,Scorzè
Scorze' Gallese,Scorzè
Scorze' Gallese,Scorzè
Borgoricco Croce Ruzza,Borgoricco
Borgoricco Croce Ruzza,Borgoricco
San Michele delle Badesse,Borgoricco
Borgoricco Industriale,Borgoricco
Scorze'  Da Vinci,Scorzè
Scorze' Da Vinci,Scorzè
Mogliano Municipio,Mogliano Veneto
Briana,Noale
Maerne Guardi,Martellago
Maerne Guardi,Martellago
Noale Lancerotto,Noale
Mirano Parini,Mirano
Mirano Parini,Mirano
Mira Mare Mediterraneo,Mira
Cavarzere Gorzone,Cavarzere
Cavarzere Brondolini,Cavarzere
Cavarzere Brondolini,Cavarzere
Cavarzere Mattei,Cavarzere
Rottanova Civico 18,Cavarzere
Oriago Romagna,Mira
Mirano Ospedale,Mirano
Mirano Miranese,Mirano
Mirano Treviso,Mirano
Mirano Delle Erbe,Mirano
Mirano Delle Erbe,Mirano
Vigonovo Centro,Vigonovo
Vigonovo,Vigonovo
Vigonovo 1 Maggio,Vigonovo
Vigonovo Roma,Vigonovo
Vigonovo Roma,Vigonovo
Matteotti Celeseo,Vigonovo
Mira Municipio,Mira
Calcroci,Camponogara
Calcroci,Camponogara
ProzzoloTogliatti,Camponogara
Gramsci Togliatti,Camponogara
Adria Molinterran,Adria
San Pietro Chiesa,Cavarzere
Dolo Civico 75,Dolo
Mira Albrizzi,Dolo
MIra centro,Mira
Oriago Stazione,Mira
Oriago Centro,Mira
Adria Errmont,Adria
Lugo Zona Industriale,Campagna Lupia
Maddalena Rottanova,Cavarzere
Adria Ospedale,Adria
Adria Ospedale,Adria
Fiesso D'Artico Barbariga,Fiesso d'Artico
Fiesso Barbariga,Fiesso d'Artico
Fiesso D'Artico Piove,Fiesso d'Artico
Fiesso Piove,Fiesso d'Artico
Mirano Colombo,Mirano
Mirano Colombo,Mirano
Mirano Vicenza,Mirano
Cavarzere Tartaro,Cavarzere
Cavarzere Ca' Tron,Cavarzere
Cavarzere 2 Ca' Briani,Cavarzere
Cavarzere Punta Pali,Cavarzere
Cavarzere Acquamarza,Cavarzere
Cavarzere Capitello,Cavarzere
Cavarzere 60,Cavarzere
Grignella Strada Poli,Cavarzere
Cavarzere Grignella,Cavarzere
Cavarzere Cuora,Cavarzere
Mogliano Tommasini,Mogliano Veneto
Mogliano Tommasini,Mogliano Veneto
Padova Turazza,Padova
Martellago Piazza Bertati,Martellago
Mirano Scuole,Mirano
Spinea Martiri,Spinea
Campoverardo Scuole,Camponogara
Campoverardo Scuole,Camponogara
Camponogara Arzerini,Camponogara
Pellico Arzerini,Camponogara
Mira Alfieri,Mira
Casale sul Sile Toniolo,Casale sul Sile
Casale sul Sile Toniolo,Casale sul Sile
Bonisiolo degli Angeli,Mogliano Veneto
Bonisiolo  degli Angeli,Mogliano Veneto
Bonisiolo Centro,Mogliano Veneto
Centro Bonisiolo,Mogliano Veneto
Mogliano Centro,Mogliano Veneto
Scorze' Moglianese,Scorzè
Scorze' Moglianese,Scorzè
Correzzola Sasso,Correzzola
Cavarzere Romea Bruso,Cona
Cona Localita' Bruso,Cona
Mira Riviera,Mira
Mira Riviera,Mira
Cappelletta Casone,Noale
Cappelletta Casone,Noale
Martellago Fapanni,Martellago
Martellago Fapanni,Martellago
Dolo Foro Boario,Dolo
Roncoduro Industriale,Mirano
Roncoduro Industriale,Mirano
Mirano Matteottti,Mirano
Mirano Matteotti,Mirano
Corte,Piove di Sacco
Corte Monumento,Piove di Sacco
Olmo Pellico,Martellago
Olmo Pellico,Martellago
Vigonovo Alfieri,Vigonovo
Vigonovo Alfieri,Vigonovo
Scorze' Roma,Scorzè
Lova San Marco,Campagna Lupia
Cavarzere Bellina,Cavarzere
Martellago Ariosto,Scorzè
Martellago Ariosto,Scorzè
Cavarzere Bellina,Cavarzere
Boscochiaro Liberazione,Cavarzere
Boscochiaro Liberazione,Cavarzere
Cavarzere Viola,Cavarzere
Cavarzere Viola,Cavarzere
Zerman,Mogliano Veneto
Quarto d'Altino Zona Indu,Quarto d'Altino
Mogliano Buratti,Mogliano Veneto
Mogliano Buratti,Mogliano Veneto
Boschetta,Mogliano Veneto
Boschetta,Mogliano Veneto
Adria Marconi,Adria
Adria Marconi,Adria
Adria Fs,Adria
Maerne Civico 83,Martellago
Maerne Civico 83,Martellago
Lova Resistenza,Campolongo Maggiore
Lova Resistenza,Campolongo Maggiore
Rottanova,Cavarzere
Rottanova,Cavarzere
Cona Zuccona,Cona
Cona Zuccona,Cona
Ballo' FS,Mirano
Dolo Veneto,Dolo
Dolo Pio X,Dolo
Mirano Meneghetti,Mirano
Mirano Meneghetti,Mirano
Mirano Firenze,Mirano
Mirano Gramsci,Mirano
Mira Porte,Mira
Mira Scuole,Mira
Mira Poste,Mira
Miranese Marano FS,Mira
Dolo Pio x,Dolo
Dolo Veneto,Dolo
Cavarzere Madonne,Cavarzere
Cavarzere Madonne,Cavarzere
Distributore,Mirano
Mira 25 Aprile,Mira
Mira 25 Aprile,Mira
Mirano Albinoni,Mirano
Porara Albinoni,Mirano
Noale Vernice,Noale
Noale Vernice,Noale
Mira Piscina,Mira
Bernini Pertini,Mira
Mira Alberti,Mira
Mira Bernini,Mira
Mira Pertini,Mira
Mira Di Vittorio,Mira
Mira Piscina,Mira
Mira Capolinea,Mira
Boscochiaro 4 Novembre,Cavarzere
Mogliano Meucci,Mogliano Veneto
Mogliano Meucci,Mogliano Veneto
Spinea Municipio,Spinea
Spinea Piazza Marconi,Spinea
Spinea Roma,Spinea
Spinea Roma,Spinea
Spinea Sarpi,Spinea
Spinea Grossi,Spinea
Spinea Sarpi,Spinea
Mira Alfieri,Mira
Crea Civico 8D,Spinea
Crea Civico 21,Spinea
Spinea Centro Sportivo,Spinea
Spinea Centro Sportivo,Spinea
Spinea Taormina,Spinea
Spinea Taormina,Spinea
Spinea Pastrengo,Spinea
Spinea Pastrengo,Spinea
Spinea Mion,Spinea
Spinea Mion,Spinea
Martellago Trieste,Martellago
Martellago Trieste,Martellago
Mogliano FS,Mogliano Veneto
Zero Branco Via Scandolar,Zero Branco
Ronzinella Fermata Di Ser,Mogliano Veneto
Ronzinella Fermata Di Ser,Mogliano Veneto
v.le dell' Industria Parc,Fossò
Maerne FS,Martellago
San Nicolo' Chiesa,Venezia
Ca' Bianca La Fontaine,Venezia
Malamocco Beato,Venezia
San Pietro Pennello 2,Venezia
San Pietro Pennello 2,Venezia
San Nicolo' Cipro,Venezia
D'Annunzio Duodo,Venezia
D'Annunzio Pola,Venezia
D'Annunzio Pola,Venezia
D'Annunzio Spiagge,Venezia
D'Annunzio Spiagge,Venezia
Gran Viale,Venezia
Gran Viale,Venezia
San Nicolo' Aquileia,Venezia
San Nicolo' Aquileia,Venezia
San Nicolo' Marco Polo,Venezia
San Nicolo' Marco Polo,Venezia
San Nicolo' Cipro,Venezia
Morandi Nicelli,Venezia
San Nicolo' Chiesa,Venezia
Ospizio Marino Cimitero,Venezia
San Nicolo',Venezia
Santa Maria Elisabetta,Venezia
Santa Maria Elisabetta,Venezia
Ospizio Marino Cimitero,Venezia
Gallo Contarini,Venezia
Gallo Contarini,Venezia
Gallo Barbarigo,Venezia
Gallo Barbarigo,Venezia
Gallo Morosini,Venezia
Gallo Morosini,Venezia
Gallo Sant'Antonio,Venezia
Gallo Sant'Antonio,Venezia
Gallo Morosini,Venezia
Gallo Loredan,Venezia
Gallo Torta,Venezia
Gallo Torta,Venezia
Colombo,Venezia
Colombo,Venezia
Marconi Coralli,Venezia
Marconi Coralli,Venezia
Marconi Loredan,Venezia
Marconi Loredan,Venezia
Palazzo del Cinema,Venezia
Palazzo del Cinema,Venezia
Marconi Marcello,Venezia
Marconi Marcello,Venezia
Marconi Fiume,Venezia
Marconi Fiume,Venezia
Marconi Des Bains,Venezia
Marconi Des Bains,Venezia
Gallo Galoppatoio,Venezia
Gallo Galoppatoio,Venezia
Gallo Biblioteca,Venezia
Gallo Biblioteca,Venezia
Gallo Dei Giunta,Venezia
Gallo Dei Giunta,Venezia
Gallo Dei Kirchmayer,Venezia
Gallo Dei Kirchmayer,Venezia
Gallo Giolito,Venezia
Malamocco Occhi,Venezia
Malamocco Occhi,Venezia
Malamocco Alvisopoli,Venezia
Malamocco Alvisopoli,Venezia
Malamocco Parri,Venezia
Malamocco Parri,Venezia
Malamocco Bassanello,Venezia
Malamocco Bassanello,Venezia
Malamocco Centro,Venezia
Malamocco Centro,Venezia
Malamocco Galla,Venezia
Malamocco Galla,Venezia
Alberoni Ottagono,Venezia
Alberoni Ottagono,Venezia
Alberoni Colonia Morosini,Venezia
Alberoni Colonia Morosini,Venezia
Alberoni San Camillo,Venezia
Alberoni San Camillo,Venezia
Alberoni Stella Maris,Venezia
Alberoni Stella Maris,Venezia
Alberoni Ca' Rossa,Venezia
Alberoni Ca' Rossa,Venezia
Faro Rocchetta,Venezia
Alberoni della Droma,Venezia
Alberoni della Droma,Venezia
Alberoni Golf,Venezia
Alberoni Golf,Venezia
Faro Rocchetta,Venezia
Faro Rocchetta,Venezia
Santa Maria Del Mare,Venezia
Santa Maria Del Mare,Venezia
San Pietro Belvedere,Venezia
San Pietro Belvedere,Venezia
San Pietro Biblioteca,Venezia
Dei Murazzi Di Botta,Venezia
SanPietro Calle Tardivi,Venezia
SanPietro Calle Tardivi,Venezia
San Pietro Cimitero,Venezia
San Pietro Cimitero,Venezia
Portosecco,Venezia
Portosecco,Venezia
Portosecco la Mara,Venezia
Portosecco la Mara,Venezia
Pellestrina Centro Ittico,Venezia
Pellestrina Centro Ittico,Venezia
Pellestrina Pennello 10,Venezia
Pellestrina Pennello 10,Venezia
Pellestrina Piovini,Venezia
Pellestrina Piovini,Venezia
Pellestrina Sant'Antonio,Venezia
Pellestrina Sant'Antonio,Venezia
Scuola Media Loredan,Venezia
Dei Murazzi Centro Civico,Venezia
Scuola Zendrini,Venezia
Dei Murazzi Scuola Elemen,Venezia
Madonna dell'Apparizione,Venezia
Madonna dell'Apparizione,Venezia
Pellestrina Campo Stella,Venezia
Dei Murazzi Campo Stella,Venezia
Pellestrina Cimitero,Venezia
Santa Maria Elisabetta,Venezia
Gallo Bragadin,Venezia
Gallo Bragadin,Venezia
Malamocco Stagnino,Venezia
Malamocco Stagnino,Venezia
Malamocco Scuole,Venezia
Malamocco Scuole,Venezia
Piazzale Rava',Venezia
Pellestrina Tre Rose,Venezia
Pellestrina Tre Rose,Venezia
Santa Maria Elisabetta,Venezia
D'Annunzio Duodo,Venezia
Gallo Giolito,Venezia
Portosecco Campi Sportivi,Venezia
Dei Murazzi Campo Sportiv,Venezia
Parcheggio BUS,Venezia
Santa Maria Elisabetta,Venezia
Romea Malcanton,None
Torino Rossetto,Venezia
Torino Universita',Venezia
Paganello Ticozzi,Venezia
Ca' Marcello Rossetto,Venezia
Ca' Marcello Cappuccina,Venezia
Gozzi Cappuccina,Venezia
Corso del Popolo Torino,Venezia
Corso del Popolo Milano,Venezia
Corso del Popolo Mestrina,Venezia
Castellana Santa Chiara,Venezia
Carducci Pascoli,Venezia
Trento Fagare',Venezia
Trento Podgora,Venezia
Trento Gazzera Alta,Venezia
Gatta Santa Lucia,Venezia
Miranese Avanti,Venezia
Miranese Ivancich,Venezia
Miranese Pergine,Venezia
Miranese Piemonte,Venezia
Miranese Lazio,Venezia
Miranese Calucci,Venezia
Miranese Giustizia,Venezia
Miranese Monteverdi,Venezia
Miranese Vivaldi,Venezia
Carducci Felisati,Venezia
Piave Puccini,Venezia
Piave Fiume,Venezia
Piave Podgora,Venezia
Brendole,Venezia
Brendole Stignano,Venezia
Brendole Promontore,Venezia
Brendole Arsa,Venezia
Asseggiano Da Todi,Venezia
Asseggiano Euganea,Venezia
Asseggiano Marzabotto,Venezia
Asseggiano Pendini,Venezia
Asseggiano Volta,Venezia
Asseggiano Morin,Venezia
Asseggiano Pirano,Venezia
Gazzera Alta Volpi,Venezia
Quarnaro Calucci,Venezia
Calucci Lussingrande,Venezia
Calucci Cimetto,Venezia
Ca' Lin Castellana,Venezia
Ca' Lin Pitagora,Venezia
Ca' Lin Gatta,Venezia
Gatta Protagora,Venezia
GATTA IMMACOLATA,Venezia
Gatta Santa Lucia,Venezia
GATTA 90,Venezia
Gatta Scaramuzza,Venezia
Gatta Scarante,Venezia
Gatta Verci,Venezia
Gatta Pisacane,Venezia
Gatta Terraglio,Venezia
Terraglio Gatta,Venezia
Terraglio Nigra,Venezia
Terraglio Ca' Sagredo,Venezia
Terraglio Favorita,Venezia
Terraglio Terraglietto,Venezia
Terraglio Villa Salus,Venezia
Terraglio Borgo Pezzana,Venezia
Terraglio Peschiera,Venezia
Terraglio Teano,Venezia
Einaudi Castelvecchio,Venezia
Belfredo Terraglio,Venezia
San Rocco Bruno,Venezia
Mattuglie Dignano,Venezia
Trivignano Park P14,Venezia
Trivignano Botticelli,Venezia
Trivignano Ca' Lin,Venezia
Trivignano centro,Venezia
Trivignano Gozzoli,Venezia
Trivignano Lotto,Venezia
Zelarino Parolari,Venezia
Zelarino Municipio,Venezia
Zelarino Chiesa,Venezia
Zelarino Carpaccio,Venezia
Castellana Marzenego,Venezia
Castellana Bellotto,Venezia
Circonvalazione Castellan,Venezia
Castellana Cipressina,Venezia
Circonvallazione Olimpia,Venezia
Zelarino Munaretto,Venezia
Einaudi Castelvecchio,Venezia
Camporese Gritti,Venezia
Miranese Piave,Venezia
Orlanda Pinerolo,Venezia
Favignana,Venezia
Brendole Favignana,Venezia
Delle Macchine Bandiera,Venezia
MESTRE CENTRO B2,Venezia
Asseggiano Volta,Venezia
Malcontenta Iseo,Venezia
Cavergnago Mosto,Venezia
Cavergnago Mosto,Venezia
Cavergnago Mutinelli,Venezia
Cavergnago Mutinelli,Venezia
Mattuglie Perlan,Venezia
Mattuglie Perlan,Venezia
27 OTTOBRE PK,Venezia
Pasqualigo Martiri,Venezia
Stazione MESTRE FS C4,Venezia
Stazione MESTRE FS C5,Venezia
Stazione MESTRE FS C3,Venezia
27 Ottobre D4,Venezia
27 Ottobre D3,Venezia
27 Ottobre D2,Venezia
Forte Marghera Gerlin,Venezia
Forte Marghera Hermada,Venezia
Forte Marghera Millosevic,Venezia
Forte Marghera Moretti,Venezia
Forte Marghera Aretusa,Venezia
Orlanda San Giuliano,Venezia
Orlanda Appia,Venezia
Orlanda Cavergnago,Venezia
Orlanda Sabbadino,Venezia
Orlanda Bagaron,Venezia
Orlanda Tiburtina,Venezia
Orlanda Casilina,Venezia
Orlanda Don Vecchi,Venezia
Orlanda Centro Ippico,Venezia
ORLANDA 200,Venezia
Orlanda Piovega,Venezia
Gatta Pisacane,Venezia
Triestina Tessera,Venezia
Galilei Darsena,Venezia
Calabria campi Sportivi,Venezia
Calabria campi Sportivi,Venezia
Triestina Zorzi,Venezia
Triestina Zuliani,Venezia
Triestina Laguna,Venezia
TRIESTINA AERONAVALI,Venezia
Triestina Paliaghetta,Venezia
Paliaga Ca' Noghera,Venezia
Triestina Scuole,Venezia
TRIESTINA FORTE ROSSAROL,Venezia
Triestina Torre,Venezia
Triestina Piovega,Venezia
Triestina Lazzaretto,Venezia
Triestina Prabello,Venezia
Gobbi Vallenari,Venezia
Gobbi Don Bosco,Venezia
Gobbi Ca' Dolfin,Venezia
Gobbi Mandarini,Venezia
Gobbi Mirtilli,Venezia
Gobbi Orlanda,Venezia
Passo Campalto Orlanda,Venezia
Sabbadino Passo Campalto,Venezia
Sabbadino Bagaron,Venezia
Sabbadino  Laguna,Venezia
Zendrini Villaggio Laguna,Venezia
Cortivo Zendrini,Venezia
Cortivo Tombelle,Venezia
Altinia Berizzi,Venezia
Dese FS,Venezia
Dese Cicogne,Venezia
Dese centro,Venezia
Dese Litomarino,Venezia
ALTINIA 181,Venezia
Altinia Forte Cosenz,Venezia
Altinia Ca' Badoera,Venezia
Altinia Ca' Rezzonico,Venezia
Altinia Ca' Solaro,Venezia
Altinia Indri,Venezia
Altinia San Pietro,Venezia
Altinia Favaro Municipio,Venezia
San Dona' Falzarego,Venezia
Garibaldi  Carpenedo,Venezia
Garibaldi Ognissanti,Venezia
Garibaldi Giardini,Venezia
Garibaldi Municipio,Venezia
Pertini Vespucci,Venezia
Pertini Gavagnin,Venezia
Pertini Chiesa,Venezia
Trezzo Terraglio,Venezia
Cavergnago Taliercio,Venezia
Bissuola Varrone,Venezia
Bissuola Esiodo,Venezia
Casona Marziale,Venezia
Casona Bissuola,Venezia
Bissuola Tevere,Venezia
Bissuola Cadorna,Venezia
Bissuola Pisani,Venezia
Bissuola Colombo,Venezia
De Nicola Chiesa,Venezia
Don Sturzo Vallon,Venezia
Don Sturzo Pasqualigo,Venezia
Pasqualigo Monte Rua,Venezia
Vespucci San Giuseppe,Venezia
Vespucci Boerio,Venezia
Vespucci Gritti,Venezia
Vespucci Cattaneo,Venezia
Vespucci Pigafetta,Venezia
Vespucci Garigliano,Venezia
Fradeletto Cecchini,Venezia
Sansovino Vespucci,Venezia
27 Ottobre D5,Venezia
Miranese Selenia,Venezia
Miranese San Giorgio,Venezia
Trieste Miranese,Venezia
Trieste Robinie,Venezia
Bottenigo Capolinea,Venezia
Villabona Bottenigo,Venezia
Villabona  87,Venezia
Villabona Pioppi,Venezia
Villabona Morari,Venezia
Villabona Ontani,Venezia
San Dona' Cervino,Venezia
Salici Villabona,Venezia
Liberta' Commercio,Venezia
Trieste Catene,Venezia
Trieste Parco,Venezia
Trieste Mazzorbo,Venezia
Trieste Eraclea,Venezia
Calvi Parmesan,Venezia
Paolucci Longhena,Venezia
Durando Bellinato,Venezia
Rizzardi Carrer,Venezia
Marghera Salamonio,Venezia
Brunacci Monzani,Venezia
San Dona' Cervino,Venezia
Pasini Fratellanza,Venezia
Pasini Lavoratore,Venezia
Beccaria Correnti,Venezia
Calucci Quarnaro,Venezia
Paleocapa Parmesan,Venezia
Beccaria Parmesan,Venezia
Beccaria Canetti,Venezia
Beccaria Oroboni,Venezia
Beccaria Chiesa,Venezia
San Dona' Rielta,Venezia
Risorgimento Cimitero,Venezia
Risorgimento Sestella,Venezia
Risorgimento Carnia,Venezia
Risorgimento Asseggiano,Venezia
San Dona' Rielta,Venezia
Gobbi San Dona',Venezia
Cavalcavia Vempa,Venezia
Trezzo Terraglio,Venezia
Liberta' Fincantieri,Venezia
Liberta' Porto Marghera,Venezia
Liberta' Righi,Venezia
Mestre Centro B1,Venezia
Liberta' Santa Chiara,Venezia
Tronchetto Mercato,Venezia
Tronchetto Tronchetto Fer,Venezia
Bandiera Durando,Venezia
Monte Cervino San Dona',Venezia
Bandiera Cantore,Venezia
Bandiera Tommaseo,Venezia
Bandiera Ghega,Venezia
Bandiera Cruto,Venezia
Ancona Torino,Venezia
Ancona Torino,Venezia
Ancona Carbonifera,Venezia
Ancona Carbonifera,Venezia
Padana Colombara,Venezia
Malcontenta Padana,Venezia
Malcontenta Chimica,Venezia
Malcontenta Chiesa,Venezia
Capolinea Fusina,Venezia
Moranzani Elettronica,Venezia
Moranzani Conca,Venezia
Moranzani 42,Venezia
Moranzani 32,Venezia
Malcontenta Scuole,Venezia
Malcontenta Fimon,Venezia
Malcontenta Iseo,Venezia
Ca' Brentelle,Venezia
Malcontenta Erba,Venezia
Ca' Sabbioni Piva,Venezia
Ca' Sabbioni Marcuzzo,Venezia
Capolinea Ca' Sabbioni,Venezia
Ca' Sabbioni Zorzi,Venezia
Ca' Sabbioni Padana,Venezia
Padana Civico 338,Venezia
Padana Stazione,Venezia
Padana delle Trote,Venezia
Padana del Luccio,Venezia
dell' Elettronica Silos,Venezia
Elettronica Stabilimento,Venezia
Elettronica 9,Venezia
Dei Cantieri Centrale,Venezia
Chimica Meccanica,Venezia
Chimica Ingresso 4,Venezia
Chimica Ingresso 5,Venezia
Chimica Ingresso 7,Venezia
Chimica Ingresso 8,Venezia
Bottenigo Bottenigo,Venezia
Bottenigo Mandorli,Venezia
MESTRE CENTRO B4,Venezia
Azoto Macchine,Venezia
Delle Macchine Azoto,Venezia
Ca' Sabbioni Cosmai,Venezia
Trieste Bosco,Venezia
Vespucci Ca' Rossa,Venezia
Peron Saragat,Venezia
Peron Saragat,Venezia
Peron Baseggio,Venezia
Peron Baseggio,Venezia
Altinia Ca' Rezzonico,Venezia
VENEZIA,Venezia
VENEZIA,Venezia
VENEZIA,Venezia
VENEZIA,Venezia
VENEZIA,Venezia
VENEZIA,Venezia
VENEZIA,Venezia
VENEZIA,Venezia
VENEZIA,Venezia
VENEZIA,Venezia
VENEZIA,Venezia
VENEZIA,Venezia
VENEZIA,Venezia
VENEZIA,Venezia
San Dona' Pergola,Venezia
27 Ottobre D1,Venezia
Cavanis Capolinea,Venezia
Visinoni Comboni,Venezia
Visinoni Comboni,Venezia
Visinoni Politi,Venezia
Visinoni Politi,Venezia
delle Messi Bissuola,Venezia
Sernaglia Dante,Venezia
Giovannacci Ulloa,Venezia
Stazione MESTRE FS C1,Venezia
Favretti MESTRE FS C2,Venezia
27 Ottobre D6,Venezia
Carducci Pascoli,Venezia
MESTRE CENTRO B3,Venezia
Bottenigo Bottenigo,Venezia
Marghera Arduino,Venezia
Bottenigo Pinton,Venezia
Bottenigo Pinton,Venezia
Ca' Lin Castellana,Venezia
MESTRE CENTRO B5,Venezia
Azoto Sottana,Venezia
Terminal Ro-Port,Venezia
Correnti Capolinea,Venezia
Deposito della Fisica,Venezia
Deposito della Fisica,Venezia
Marsala Centro Don Vecchi,Venezia
MESTRE CENTRO B7,Venezia
Ca' Solaro Osoppo,Venezia
Ca' Solaro Osoppo,Venezia
CA SOLARO PASQUALIGO,Venezia
Ca' Solaro Pasqualigo,Venezia
Vallon Borgoforte,Venezia
Pasqualigo Braies,Venezia
Pasqualigo Braies,Venezia
Vallon Forte Carpenedo,Venezia
Vallon Forte Carpenedo,Venezia
Pascqualigo Ortisei,Venezia
Pascqualigo Ortisei,Venezia
Monte Celo FAVARO,Venezia
Ca' Solaro Chiesa,Venezia
Ca' Solaro,Venezia
Vallon Valdemare,Venezia
Vallon Valdemare,Venezia
Vallon De Nicola,Venezia
Vallon De Nicola,Venezia
Ca' Solaro Ca' Rezzonico,Venezia
Ca' Solaro Ca' Rezzonico,Venezia
Ca Solaro Tarcento,Venezia
Park Petroli,Venezia
Torino Rossetto,Venezia
Torino Universita',Venezia
Paganello Ticozzi,Venezia
Ca' Marcello Rossetto,Venezia
Ca' Marcello Cappuccina,Venezia
Corso del Popolo Torino,Venezia
Corso del Popolo Milano,Venezia
Corso del Popolo Mestrina,Venezia
Castellana Santa Chiara,Venezia
Cappuccina Sernaglia,Venezia
Trento Fagare',Venezia
Trento Podgora,Venezia
Trento Gazzera Alta,Venezia
Miranese Avanti,Venezia
Miranese Ivancich,Venezia
Miranese Pergine,Venezia
Miranese Piemonte,Venezia
Miranese Lazio,Venezia
Miranese Calucci,Venezia
Miranese Giustizia,Venezia
Miranese Monteverdi,Venezia
Miranese Vivaldi,Venezia
Piave Puccini,Venezia
Piave Fiume,Venezia
Piave Podgora,Venezia
Brendole Promontore,Venezia
Brendole Arsa,Venezia
Asseggiano Chiesa,Venezia
Asseggiano Da Todi,Venezia
Asseggiano Euganea,Venezia
Asseggiano Marzabotto,Venezia
Asseggiano Volta,Venezia
Asseggiano Morin,Venezia
Asseggiano Pirano,Venezia
Gazzera Alta Chiesa,Venezia
Ca' Lin Pitagora,Venezia
Ca' Lin Gatta,Venezia
Gatta Protagora,Venezia
Gatta Immacolata,Venezia
Gatta Santa Lucia,Venezia
GATTA 90,Venezia
Gatta Scaramuzza,Venezia
Gatta Scarante,Venezia
Gatta Verci,Venezia
Terraglio Gatta,Venezia
Terraglio Nigra,Venezia
Terraglio Ca' Sagredo,Venezia
Terraglio Favorita,Venezia
Terraglio Terraglietto,Venezia
Terraglio Villa Salus,Venezia
Terraglio Borgo Pezzana,Venezia
Terraglio Peschiera,Venezia
Terraglio Teano,Venezia
San Rocco Bruno,Venezia
Mattuglie Dignano,Venezia
Trivignano Park P14,Venezia
Trivignano Botticelli,Venezia
Trivignano Park B,Venezia
Trivignano Centro,Venezia
Trivignano Gozzoli,Venezia
Trivignano Lotto,Venezia
Zelarino Parolari,Venezia
Zelarino Municipio,Venezia
Zelarino Chiesa,Venezia
Zelarino Carpaccio,Venezia
Castellana Marzenego,Venezia
Castellana Bellotto,Venezia
Castellana Piazzetta,Venezia
Castellana Cipressina,Venezia
Circonvallazione Olimpia,Venezia
Orlanda Pinerolo,Venezia
Pertini Foscari,Venezia
Pasqualigo Martiri,Venezia
Forte Marghera Gerlin,Venezia
Forte Marghera Hermada,Venezia
Forte Marghera Millosevic,Venezia
Forte Marghera Moretti,Venezia
Forte Marghera Aretusa,Venezia
Orlanda Appia,Venezia
Orlanda Cavergnago,Venezia
Orlanda Sabbadino,Venezia
Orlanda Bagaron,Venezia
Orlanda Tiburtina,Venezia
Orlanda Casilina,Venezia
Orlanda Don Vecchi,Venezia
Orlanda Centro Ippico,Venezia
ORLANDA 200,Venezia
Orlanda Piovega,Venezia
Triestina Tessera,Venezia
Triestina Zorzi,Venezia
Triestina Zuliani,Venezia
Triestina Laguna,Venezia
TRIESTINA AERONAVALI,Venezia
Triestina Paliaghetta,Venezia
Tessera Scuole,Venezia
TRIESTINA FORTE ROSSAROL,Venezia
Triestina Torre,Venezia
Triestina Piovega,Venezia
Triestina Lazzaretto,Venezia
Triestina Prabello,Venezia
Triestina Altinia,Venezia
Gobbi Vallenari,Venezia
Gobbi Don Bosco,Venezia
Gobbi Ca' Dolfin,Venezia
Gobbi Mandarini,Venezia
Gobbi Mirtilli,Venezia
Gobbi Orlanda,Venezia
Passo Campalto Orlanda,Venezia
Sabbadino Passo Campalto,Venezia
Sabbadino Bagaron,Venezia
Sabbadino Laguna,Venezia
Cortivo Tombelle,Venezia
Altinia Berizzi,Venezia
Dese Cicogne,Venezia
Dese Centro,Venezia
Dese Litomarino,Venezia
Altinia 181,Venezia
Altinia Forte Cosenz,Venezia
Altinia Ca' Badoera,Venezia
Altinia Ca' Solaro,Venezia
Altinia Indri,Venezia
Altinia San Pietro,Venezia
Altinia Municipio,Venezia
San Dona' Falzarego,Venezia
Garibaldi  Carpenedo,Venezia
Garibaldi Ognissanti,Venezia
Garibaldi Giardini,Venezia
Garibaldi Municipio,Venezia
Marghera Cimitero,Venezia
Pertini Vespucci,Venezia
Pertini Gavagnin,Venezia
Pertini Chiesa,Venezia
Pertini Foscari,Venezia
Bissuola Varrone,Venezia
Bissuola Esiodo,Venezia
Casona Marziale,Venezia
Casona Bissuola,Venezia
Bissuola Tevere,Venezia
Bissuola Cadorna,Venezia
Bissuola Pisani,Venezia
Bissuola Colombo,Venezia
Tevere Parco,Venezia
Tevere Baglioni,Venezia
Tevere Parco,Venezia
Don Sturzo Pasqualigo,Venezia
Pasqualigo Monte Rua,Venezia
Vespucci San Giuseppe,Venezia
Vespucci Boerio,Venezia
Vespucci Gritti,Venezia
Vespucci Cattaneo,Venezia
Vespucci Pigafetta,Venezia
Vespucci Garigliano,Venezia
Fradeletto Cecchini,Venezia
Miranese Selenia,Venezia
Miranese San Giorgio,Venezia
Trieste Miranese,Venezia
Trieste Robinie,Venezia
Villabona Bottenigo,Venezia
Villabona 87,Venezia
Villabona Pioppi,Venezia
Villabona Morari,Venezia
VIA Villabona Ontani,Venezia
Liberta' Commercio,Venezia
Trieste Catene,Venezia
Trieste Parco,Venezia
Trieste Bosco,Venezia
Trieste Eraclea,Venezia
Calvi Parmesan,Venezia
Paolucci Longhena,Venezia
Brunacci Monzani,Venezia
Pasini Fratellanza,Venezia
Beccaria Correnti,Venezia
Canal Leone,Venezia
Paleocapa Parmesan,Venezia
Beccaria Canetti,Venezia
Beccaria Oroboni,Venezia
Beccaria Chiesa,Venezia
Risorgimento Cimitero,Venezia
Risorgimento Sestella,Venezia
Risorgimento Carnia,Venezia
Risorgimento Asseggiano,Venezia
Rampa Cavalcavia Vempa,Venezia
Cavalcavia Vempa,Venezia
Liberta' Fincantieri,Venezia
Liberta' Porto Marghera,Venezia
Liberta' Righi,Venezia
Liberta' Santa Chiara,Venezia
Tronchetto Mercato,Venezia
Tronchetto Vaporetti,Venezia
Ospedale dell'Angelo SFMR,Venezia
Ospedale dell'Angelo SFMR,Venezia
Ospedale dell'Angelo,Venezia
Ospedale dell'Angelo,Venezia
Ilaria Alpi SFMR ospedale,Venezia
Bandiera Cruto,Venezia
Bandiera Ghega,Venezia
Bandiera Tommaseo,Venezia
Bandiera Cantore,Venezia
Bandiera Durando,Venezia
Bandiera Pila,Venezia
Padana Avena,Venezia
Malcontenta Padana,Venezia
Malcontenta Chimica,Venezia
Malcontenta Chiesa,Venezia
Moranzani Elettronica,Venezia
Moranzani Conca,Venezia
Moranzani 42,Venezia
Moranzani 32,Venezia
Malcontenta Scuole,Venezia
Malcontenta Fimon,Venezia
Malcontenta Erba,Venezia
Ca' Sabbioni Zorzi,Venezia
Ca' Sabbioni Padana,Venezia
Padana Civico 338,Venezia
Padana Stazione,Venezia
Padana delle Trote,Venezia
Padana del Luccio,Venezia
Elettronica Silos,Venezia
Elettronica  Stabilimento,Venezia
Elettronica  9,Venezia
Elettronica Centrale,Venezia
Chimica Meccanica,Venezia
Chimica Ingresso 4,Venezia
Chimica Ingresso 5,Venezia
Chimica Ingresso 7,Venezia
Azoto Macchine,Venezia
Delle Macchine Azoto,Venezia
Risorgimento Miranese,Venezia
Ca' Lin Eraclito,Venezia
Trezzo Battuti,Venezia
Trezzo Battuti,Venezia
Tosatto Impastato,Venezia
Triestina ulss 3,Venezia
Salesiani Ferrarese,Venezia
Agenzia  Entrate,Venezia
Via dei Cantieri Cantiere,Venezia
Scaramuzza Gatta,Venezia
Scaramuzza Forte,Venezia
Scaramuzza Sicilia,Venezia
Scaramuzza Caprera,Venezia
Scaramuzza Rubens,Venezia
Selvanese Visinoni,Venezia
Selvanese Visinoni,Venezia
Tito Castellana,Venezia
Tito Castellana,Venezia
Pertini Carrer,Venezia
Pertini Foscari,Venezia
Tosatto Paccagnella,Venezia
Stazione MESTRE FS,Venezia
Selvanese Pleiadi,Venezia
Selvanese Pleiadi,Venezia
Visinoni Selvanese,Venezia
Visinoni Selvanese,Venezia
Rielta Parco Bissuola,Venezia
Areoporto MARCO POLO,Venezia
Aeroporto MARCO POLO,Venezia
Aeroporto MARCO POLO,Venezia
Casona Vallenari,Venezia
Casona Vallenari,Venezia
Rielta Ca' Rossa,Venezia
Azoto Sottana,Venezia
Vallenari Stoppani,Venezia
Vallenari Stoppani,Venezia
delle Messi Bissuola,Venezia
Delle Macchine Bandiera,Venezia
MESTRE CENTRO B6,Venezia
Brendole Stignano,Venezia
Sansovino Vespucci,Venezia
Tosatto Paccagnella,Venezia
Torino,Venezia
Martiri della Liberta' De,Venezia
Deposito della Fisica,Venezia
Parcheggio VEMPA,Venezia
Fisica Deposito via della,Venezia
Corsia A7 Ve.Park,Venezia
27 Ottobre D3,Venezia
VENEZIA,Venezia
Monte Celo Favaro,Venezia
Monte Celo Favaro,Venezia
Triestina Monte Cimon,Venezia
Triestina Monte Cimon,Venezia
San Dona' Pastrello,Venezia
San Dona' Pastrello,Venezia
San Dona' Marmolada,Venezia
San Dona' Marmolada,Venezia
San Dona' Cervino,Venezia
San Dona' Cervino,Venezia
San Dona' Rielta,Venezia
San Dona' Pineta,Venezia
San Dona' Pineta,Venezia
San Dona' Pasqualigo,Venezia
San Dona' Pasqualigo,Venezia
San Dona' Val Gardena,Venezia
San Dona' Val Gardena,Venezia
Ca' Rossa Serravalle,Venezia
Ca' Rossa Serravalle,Venezia
Ca' Rossa Oberdan,Venezia
Ca' Rossa Oberdan,Venezia
Ca' Rossa Volturno,Venezia
Ca' Rossa Volturno,Venezia
Ca' Rossa Bissuola,Venezia
Ca' Rossa Bissuola,Venezia
MESTRE CENTRO A1,Venezia
Lavelli Paolucci,Venezia
Olivi,Venezia
Olivi,Venezia
Cappuccina Villa ErizzoM9,Venezia
Cappuccina Villa ErizzoM9,Venezia
Cappuccina Bembo,Venezia
Cappuccina Bembo,Venezia
Cappuccina Sernaglia,Venezia
Cappuccina Sernaglia,Venezia
Sant'Antonio Municipio,Venezia
Piazza Mercato,Venezia
Rinascita Beccaria,Venezia
Rinascita Beccaria,Venezia
Cafasso Bottenigo,Venezia
Piazzale Giovanacci,Venezia
Piazzale Giovanacci,Venezia
Piazza Mercato,Venezia
Sant'Antonio Municipio,Venezia
Lavelli Paolucci,Venezia
Cafasso Bottenigo,Venezia
San Marco Manuzio,Venezia
San Marco Manuzio,Venezia
San Marco Cattaneo,Venezia
San Marco Cattaneo,Venezia
San Marco Musatti,Venezia
San Marco Musatti,Venezia
San Marco Sansovino,Venezia
San Marco Sansovino,Venezia
San Marco Molmenti,Venezia
San Marco Molmenti,Venezia
San Marco Boerio,Venezia
San Marco Boerio,Venezia
San Marco Forte Marghera,Venezia
San Marco Forte Marghera,Venezia
Salamonio Marghera,Venezia
Orlanda San Giuliano,Venezia
Orlanda San Giuliano,Venezia
Stazione Mestre FS,Venezia
Stazione Mestre FS,Venezia
Rinascita Emmer,Venezia
Rinascita Emmer,Venezia
MESTRE CENTRO A4,Venezia
MESTRE CENTRO A2,Venezia
VENEZIA CORSIA C,Venezia
Deposito M.Celo Deposito,Venezia
Monte Celo Tronchino,Venezia
